<?xml version="1.0" encoding="windows-1251"?>
<ED107 EDAuthor="4525659000" EDDate="2018-07-02" EDNo="6" PaytKind="4" Priority="5" Sum="100" SystemCode="05" PaymentPrecedence="60"
  TransKind="01" xmlns="urn:cbr-ru:ed:v2.0">
  <AccDoc AccDocDate="2018-07-02" AccDocNo="213"/>
  <RelatedDoc RelatedDocDate="2018-07-02" RelatedDocNo="1"/>
  <OrderingBank BIC="044525659" BankAccount="30101810745250000659" SWBIC="MCRBRUMM"/>
  <PrevInstrAgent BankAccount="408078100000760005668" SWBIC="RNINCY2N"/>
  <InstructingAgent BIC="044525659" CorrespAcc="30101810745250000659" SWBIC="MCRBRUMM"/>
  <InstructedAgent BIC="044525225" CorrespAcc="30101810400000000225" SWBIC="SABRRUMM"/>
  <AcctWithInst BankAccount="30111810000000000815" SWBIC="RGNSLV22"/>
  <Beneficiary BankAccount="LV92RGNS4300402600010" SWBIC="RNINCY2N"/>
  <Sndr2RecvrInfo>(VO60075) Perechislenie sobstvennyh sredstv Bez NDS</Sndr2RecvrInfo>
  <InitialED EDAuthor="4525659000" EDDate="2018-07-02" EDNo="850253"/>
</ED107>
