<?xml version="1.0" encoding="WINDOWS-1251"?>
<ED211 xmlns="urn:cbr-ru:ed:v2.0" 
EDNo="107" EDDate="2018-07-16" EDAuthor="4583001999" EDReceiver="4525545000"
AbstractKind="1" LastMovetDate="2018-07-16" AbstractDate="2018-07-16" BeginTime="18:20:10" EndTime="18:20:48" Acc="30101810300000000545" EnterBal="104910000" BIC="044525000" OutBal="100710000" CreditSum="3800000" DebetSum="8000000">
	<PartInfo PartNo="1" PartQuantity="2" PartAggregateID="458300199920180716107"/>
	<InitialED EDNo="11" EDDate="2018-07-16" EDAuthor="4525545000"/>	<TransInfo AccDocNo="4" TransKind="01" BICCorr="044525411" PayerPersonalAcc="40702810010130010079" PayeePersonalAcc="40702810200203001037" Sum="1800000" DC="1" TurnoverKind="1">
		<EDRefID EDNo="7" EDDate="2018-07-16" EDAuthor="4525545000"/>
	</TransInfo>
	<TransInfo AccDocNo="3" TransKind="01" BICCorr="044583001" PayerPersonalAcc="40201810100080100000" PayeePersonalAcc="40702810300160000000" Sum="2400000" DC="1" TurnoverKind="1">
		<EDRefID EDNo="5" EDDate="2018-07-16" EDAuthor="4525545000" />
	</TransInfo>
</ED211>
