<?xml version="1.0" encoding="WINDOWS-1251"?>
<ED245 EDAuthor="4583001999" EDDate="2018-07-02" EDNo="1021765" EDReceiver="4525545000" IMQuantity="3" xmlns="urn:cbr-ru:ed:v2.0">
	<IMGroupInfo EDTypeNo="ED276" IMGroupQuantity="1" ReceiverTypeCode="1">
		<IMInfo EDAuthor="4525545000" EDDate="2018-07-02" EDNo="36501">
			<RefPacketEID EDAuthor="9205603000" EDDate="2018-07-02" EDNo="499"/>
		</IMInfo>
	</IMGroupInfo>
	<IMGroupInfo EDTypeNo="ED243" IMGroupQuantity="2" ReceiverTypeCode="1">
		<IMInfo EDAuthor="4525545000" EDDate="2018-07-02" EDNo="474"/>
		<IMInfo EDAuthor="4525545000" EDDate="2018-07-02" EDNo="476"/>
	</IMGroupInfo>
</ED245>