<?xml version="1.0" encoding="WINDOWS-1251"?>
<ED253 EDAuthor="0000000000" EDDate="2021-03-04" EDNo="36" xmlns:ed="urn:cbr-ru:ed:v2.0">
    <OpCode>EXCH</OpCode>
    <ExchangeOpRcpt>
      <SlipNo>2/FX150121</SlipNo>
      <SlipDate>2021-03-04</SlipDate>
      <CurrencyBought>
        <Account>00000000000000000000</Account>
        <CurrencyCode>840</CurrencyCode>
        <Sum>100.00</Sum>
        <ValueDate>2021-03-04</ValueDate>
      </CurrencyBought>
      <CurrencySold>
        <Account>00000000000000000000</Account>
        <CurrencyCode>810</CurrencyCode>
        <Sum>7000.00</Sum>
        <ValueDate>2021-03-04</ValueDate>
      </CurrencySold>
      <RateType>CBRF</RateType>
      <SettlementRate>70.00000000</SettlementRate>
      <PrimaryDocRef>
        <DocType>DECLREF</DocType>
        <EDNo>236123</EDNo>
        <EDDate>2021-03-04</EDDate>
        <EDAuthor>0000000000</EDAuthor>
        <DeclarationDate>2021-03-04</DeclarationDate>
        <DeclarationNo>2</DeclarationNo>
      </PrimaryDocRef>
    </ExchangeOpRcpt>
    <AccountingTransaction>
      <EDNo>100336</EDNo>
      <EDDate>2021-03-04</EDDate>
      <EDAuthor>0000000000</EDAuthor>
      <Sum>7000.00</Sum>
      <TransKind>01</TransKind>
      <Priority>5</Priority>
      <AccDoc>
        <AccDocNo>3411</AccDocNo>
        <AccDocDate>2021-03-04</AccDocDate>
      </AccDoc>
      <Payer>
        <PersonalAcc>00000000000000000000</PersonalAcc>
        <INN>xxxxxxxxxx</INN>
        <SumInCurrency>100.00</SumInCurrency>
        <AccountingRate>70.000000000000</AccountingRate>
        <Name>xxxxxxxxxx</Name>
        <Bank>
          <BIC>000000000</BIC>
        </Bank>
      </Payer>
      <Payee>
        <PersonalAcc>00000000000000000000</PersonalAcc>
        <INN>xxxxxxxxxx</INN>
        <SumInCurrency>100.00</SumInCurrency>
        <AccountingRate>70.000000000000</AccountingRate>
        <Name>xxxxxxxxxx</Name>
        <Bank>
          <BIC>000000000</BIC>
        </Bank>
      </Payee>
      <Purpose>xxxxxxxxxxxxxxxxxxxxxxxxxxxxx</Purpose>
      <ValueDate>2021-03-04</ValueDate>
      <TransactionType>DIRECT</TransactionType>
    </AccountingTransaction>
  </ED253>
