<ED252 EDNo="165025" EDDate="2021-03-04" EDAuthor="0000000000" DeclarationDate="2021-03-04" DeclarationNo="957" xmlns:ed="urn:cbr-ru:ed:v2.0">
    <CustomerDescription>xxxxx</CustomerDescription>
    <CustomerAddress>xxxxxx</CustomerAddress>
    <Remittance>
      <ValueDate>2021-03-04</ValueDate>
      <CurrencyCode>840</CurrencyCode>
      <Sum>100.00</Sum>
      <CustomerAccount>xxxxxxxxxxxxxxxxxxxx</CustomerAccount>
      <Beneficiary>
        <Account>00000000000000000000</Account>
        <Description>xxxxxxxxxx</Description>
        <Address>xxxxxxxxxx</Address>
      </Beneficiary>
      <BeneficiaryInstitution>
        <Account>xxxxxxxxxx</Account>
        <SwiftCode>XXXXXXXX</SwiftCode>
        <Description>xxxxxxxxxx</Description>
        <BIC>000000000</BIC>
        <Address>xxxxxxxxxx</Address>
      </BeneficiaryInstitution>
      <RemittanceInfo>xxxxxx</RemittanceInfo>
      <ChargeDetails>OUR</ChargeDetails>
      <SenderToReceiverInfo>xxxxxxxxxx</SenderToReceiverInfo>
    </Remittance>
  </ED252>
