<ED253 EDNo="12" EDDate="2021-03-04" EDAuthor="0000000000" xmlns:ed="urn:cbr-ru:ed:v2.0">
    <OpCode>REMTN</OpCode>
    <RemittanceOpRcpt>
        <ValueDate>2021-03-04</ValueDate>
        <CurrencyCode>840</CurrencyCode>
        <Customer>
            <SwiftCode>XXXXXXXX</SwiftCode>
            <Account>00000000000000000000</Account>
            <Nostro>xxxxxxxxxx</Nostro>
        </Customer>
        <Beneficiary>
            <Account>00000000000000000000</Account>
        </Beneficiary>
        <Sum>100.00</Sum>
        <SWIFT-Fields>
            <InstitutionsInfo>xxxxxxxxxxx</InstitutionsInfo>
            <Beneficiary>xxxxxxxxxxx</Beneficiary>
            <RemittanceInfo>xxxxxxxxxx</RemittanceInfo>
            <SenderToReceiverInfo>xxxxxxxxxx</SenderToReceiverInfo>
            <CurrencyAmount>USD100.00</CurrencyAmount>
            <ExchangeRate>1.499700000000</ExchangeRate>
            <DetailsOfCharges>OUR</DetailsOfCharges>
            <SendersCharges>USD100.00</SendersCharges>
        </SWIFT-Fields>
        <PrimaryDocRef>
            <DocType>SWIFT</DocType>
            <DocNo>FDC2010283068400</DocNo>
        </PrimaryDocRef>
    </RemittanceOpRcpt>
    <AccountingTransaction>
        <EDNo>100000</EDNo>
        <EDDate>2021-03-04</EDDate>
        <EDAuthor>0000000000</EDAuthor>
        <Sum>7000.00</Sum>
        <TransKind>01</TransKind>
        <Priority>5</Priority>
        <AccDoc>
            <AccDocNo>9682</AccDocNo>
            <AccDocDate>2021-03-04</AccDocDate>
        </AccDoc>
        <Payer>
            <PersonalAcc>00000000000000000000</PersonalAcc>
            <INN>xxxxxxxxxx</INN>
            <SumInCurrency>100.00</SumInCurrency>
            <AccountingRate>70.000000000000</AccountingRate>
            <Name>xxxxxxxxxx</Name>
            <Bank>
                <BIC>000000000</BIC>
            </Bank>
        </Payer>
        <Payee>
            <PersonalAcc>00000000000000000000</PersonalAcc>
            <INN>xxxxxxxxxx</INN>
            <SumInCurrency>100.00</SumInCurrency>
            <AccountingRate>70.000000000000</AccountingRate>
            <Name>xxxxxxxxxx</Name>
            <Bank>
                <BIC>000000000</BIC>
            </Bank>
        </Payee>
        <Purpose>xxxxxxxxxxxxx</Purpose>
        <ValueDate>2021-03-04</ValueDate>
        <TransactionType>DIRECT</TransactionType>
    </AccountingTransaction>
</ED253>
