<?xml version="1.0" encoding="WINDOWS-1251"?>
<ED254 EDNo="10" EDDate="2021-03-04" EDAuthor="0000000000" xmlns:ed="urn:cbr-ru:ed:v2.0">
    <Account>
        <CBRFAccount>00000000000000000000</CBRFAccount>
        <CurrencyCode>840</CurrencyCode>
        <SumIn>100.00</SumIn>
        <SumInRUR>7000.00</SumInRUR>
        <SumDb>10.00</SumDb>
        <SumDbRUR>700.00</SumDbRUR>
        <SumCr>0.00</SumCr>
        <SumCrRUR>0.00</SumCrRUR>
        <SumOut>90.00</SumOut>
        <SumOutRUR>6300.00</SumOutRUR>
    </Account>
</ED254>
